isite,site,wildtype,mutant,count,n_countries,frequency
171,501,N,Y,37896,76,0.09341076481665894
147,477,S,N,20638,89,0.05087110418741311
109,439,N,K,7403,58,0.018247833331690052
122,452,L,R,1503,36,0.0037047809668418405
154,484,E,K,1134,47,0.002795223963006419
123,453,Y,F,1032,9,0.002543801701783619
190,520,A,S,740,38,0.0018240438559301146
87,417,K,N,627,28,0.0015455074292813266
164,494,S,P,573,23,0.0014124015262810211
171,501,N,T,492,30,0.0012127426717805625
147,477,S,R,362,13,0.0008923025349279749
37,367,V,F,295,33,0.0007271526182424105
54,384,P,L,294,24,0.0007246876941127752
192,522,A,S,270,32,0.0006655295150015283
192,522,A,V,251,30,0.0006186959565384578
52,382,V,L,224,21,0.0005521430050383049
148,478,T,I,211,8,0.0005200989913530462
147,477,S,I,187,13,0.00046094081224179917
129,459,S,F,137,8,0.0003376946057600347
149,479,P,S,127,11,0.0003130453644636818
148,478,T,K,115,12,0.00028346627490805835
14,344,A,S,115,14,0.00028346627490805835
116,446,G,V,114,17,0.00028100135077842303
55,385,T,I,108,13,0.0002662118060006113
110,440,N,K,97,18,0.00023909764057462312
22,352,A,S,91,11,0.00022430809579681137
145,475,A,V,89,13,0.00021937824753754078
153,483,V,F,78,16,0.0001922640821115526
160,490,F,S,77,10,0.0001897991579819173
16,346,R,K,77,12,0.0001897991579819173
27,357,R,K,74,6,0.00018240438559301146
84,414,Q,R,73,12,0.00017993946146337616
153,483,V,A,71,5,0.00017500961320410558
178,508,Y,H,69,15,0.000170079764944835
122,452,L,M,69,13,0.000170079764944835
8,338,F,L,67,6,0.0001651499166855644
18,348,A,S,67,17,0.0001651499166855644
154,484,E,Q,65,16,0.00016022006842629383
54,384,P,S,64,11,0.00015775514429665856
145,475,A,S,62,4,0.00015282529603738798
129,459,S,Y,59,14,0.0001454305236484821
43,373,S,L,55,12,0.00013557082712994093
29,359,S,N,55,7,0.00013557082712994093
151,481,N,K,54,10,0.00013310590300030564
125,455,L,F,53,8,0.00013064097887067035
78,408,R,I,51,11,0.0001257111306113998
146,476,G,S,51,12,0.0001257111306113998
9,339,G,D,49,5,0.00012078128235212921
199,529,K,R,45,6,0.00011092158583358804
46,376,T,I,45,8,0.00011092158583358804
24,354,N,D,43,7,0.00010599173757431747
148,478,T,R,39,2,9.61320410557763e-05
81,411,A,S,39,10,9.61320410557763e-05
11,341,V,I,38,5,9.366711692614101e-05
40,370,N,S,35,3,8.627234453723514e-05
114,444,K,R,35,5,8.627234453723514e-05
156,486,F,L,35,3,8.627234453723514e-05
87,417,K,T,35,6,8.627234453723514e-05
155,485,G,R,34,5,8.380742040759985e-05
26,356,K,R,33,6,8.134249627796456e-05
37,367,V,I,32,3,7.887757214832928e-05
84,414,Q,K,32,6,7.887757214832928e-05
76,406,E,Q,31,6,7.641264801869399e-05
72,402,I,V,31,4,7.641264801869399e-05
191,521,P,R,31,6,7.641264801869399e-05
24,354,N,K,29,6,7.14827997594234e-05
133,463,P,S,29,6,7.14827997594234e-05
160,490,F,L,27,11,6.655295150015282e-05
141,471,E,Q,27,6,6.655295150015282e-05
191,521,P,S,27,9,6.655295150015282e-05
138,468,I,V,25,7,6.162310324088225e-05
114,444,K,N,25,5,6.162310324088225e-05
115,445,V,A,23,4,5.6693254981611665e-05
43,373,S,P,23,3,5.6693254981611665e-05
186,516,E,Q,22,8,5.422833085197637e-05
164,494,S,L,22,12,5.422833085197637e-05
149,479,P,L,21,3,5.176340672234109e-05
43,373,S,A,21,5,5.176340672234109e-05
64,394,N,Y,21,5,5.176340672234109e-05
80,410,I,V,20,7,4.9298482592705796e-05
37,367,V,L,19,7,4.6833558463070503e-05
173,503,V,F,19,7,4.6833558463070503e-05
24,354,N,S,18,6,4.436863433343522e-05
187,517,L,F,18,5,4.436863433343522e-05
97,427,D,G,17,3,4.1903710203799926e-05
78,408,R,K,17,9,4.1903710203799926e-05
22,352,A,V,17,6,4.1903710203799926e-05
89,419,A,S,16,3,3.943878607416464e-05
5,335,L,F,16,7,3.943878607416464e-05
40,370,N,K,15,3,3.697386194452935e-05
163,493,Q,L,15,3,3.697386194452935e-05
16,346,R,S,15,2,3.697386194452935e-05
184,514,S,F,15,8,3.697386194452935e-05
140,470,T,I,15,5,3.697386194452935e-05
151,481,N,D,14,2,3.4508937814894056e-05
9,339,G,S,14,8,3.4508937814894056e-05
54,384,P,R,13,1,3.204401368525877e-05
142,472,I,V,13,4,3.204401368525877e-05
73,403,R,K,13,3,3.204401368525877e-05
140,470,T,N,13,6,3.204401368525877e-05
59,389,D,E,13,3,3.204401368525877e-05
120,450,N,K,13,7,3.204401368525877e-05
147,477,S,G,12,7,2.957908955562348e-05
140,470,T,A,12,2,2.957908955562348e-05
153,483,V,I,12,3,2.957908955562348e-05
97,427,D,V,12,2,2.957908955562348e-05
154,484,E,A,12,4,2.957908955562348e-05
176,506,Q,K,12,1,2.957908955562348e-05
104,434,I,V,12,6,2.957908955562348e-05
154,484,E,G,11,6,2.7114165425988187e-05
169,499,P,H,11,4,2.7114165425988187e-05
199,529,K,N,11,6,2.7114165425988187e-05
175,505,Y,W,11,1,2.7114165425988187e-05
177,507,P,A,11,2,2.7114165425988187e-05
152,482,G,S,11,3,2.7114165425988187e-05
110,440,N,Y,11,3,2.7114165425988187e-05
169,499,P,S,11,2,2.7114165425988187e-05
16,346,R,I,10,3,2.4649241296352898e-05
97,427,D,N,10,3,2.4649241296352898e-05
171,501,N,S,10,5,2.4649241296352898e-05
97,427,D,Y,10,3,2.4649241296352898e-05
199,529,K,M,10,2,2.4649241296352898e-05
100,430,T,I,10,5,2.4649241296352898e-05
32,362,V,F,10,3,2.4649241296352898e-05
192,522,A,P,10,8,2.4649241296352898e-05
60,390,L,F,10,6,2.4649241296352898e-05
10,340,E,A,10,2,2.4649241296352898e-05
116,446,G,S,10,5,2.4649241296352898e-05
122,452,L,Q,10,7,2.4649241296352898e-05
42,372,A,V,10,5,2.4649241296352898e-05
55,385,T,N,10,1,2.4649241296352898e-05
128,458,K,N,9,7,2.218431716671761e-05
138,468,I,T,9,6,2.218431716671761e-05
142,472,I,L,9,2,2.218431716671761e-05
14,344,A,T,9,5,2.218431716671761e-05
141,471,E,G,8,2,1.971939303708232e-05
48,378,K,N,8,2,1.971939303708232e-05
19,349,S,P,8,5,1.971939303708232e-05
85,415,T,A,8,3,1.971939303708232e-05
154,484,E,D,8,6,1.971939303708232e-05
41,371,S,T,8,2,1.971939303708232e-05
149,479,P,H,8,3,1.971939303708232e-05
151,481,N,S,8,2,1.971939303708232e-05
164,494,S,A,8,4,1.971939303708232e-05
31,361,C,T,7,4,1.7254468907447028e-05
18,348,A,V,7,3,1.7254468907447028e-05
18,348,A,T,7,5,1.7254468907447028e-05
183,513,L,F,7,3,1.7254468907447028e-05
198,528,K,R,7,2,1.7254468907447028e-05
153,483,V,L,7,4,1.7254468907447028e-05
105,435,A,S,7,6,1.7254468907447028e-05
78,408,R,T,7,2,1.7254468907447028e-05
190,520,A,V,7,4,1.7254468907447028e-05
189,519,H,P,7,3,1.7254468907447028e-05
132,462,K,T,6,1,1.478954477781174e-05
163,493,Q,K,6,2,1.478954477781174e-05
16,346,R,T,6,3,1.478954477781174e-05
142,472,I,T,6,3,1.478954477781174e-05
65,395,V,I,6,1,1.478954477781174e-05
115,445,V,I,6,3,1.478954477781174e-05
77,407,V,A,6,2,1.478954477781174e-05
193,523,T,N,6,2,1.478954477781174e-05
10,340,E,K,6,2,1.478954477781174e-05
7,337,P,S,6,3,1.478954477781174e-05
113,443,S,A,6,2,1.478954477781174e-05
47,377,F,L,6,1,1.478954477781174e-05
85,415,T,N,6,4,1.478954477781174e-05
1,331,N,T,5,2,1.2324620648176449e-05
111,441,L,I,5,3,1.2324620648176449e-05
103,433,V,I,5,3,1.2324620648176449e-05
160,490,F,V,5,5,1.2324620648176449e-05
199,529,K,T,5,4,1.2324620648176449e-05
126,456,F,L,5,4,1.2324620648176449e-05
7,337,P,T,5,3,1.2324620648176449e-05
130,460,N,I,5,4,1.2324620648176449e-05
136,466,R,K,5,2,1.2324620648176449e-05
200,530,S,N,5,4,1.2324620648176449e-05
46,376,T,N,5,1,1.2324620648176449e-05
191,521,P,L,5,3,1.2324620648176449e-05
29,359,S,R,5,1,1.2324620648176449e-05
198,528,K,G,5,4,1.2324620648176449e-05
71,401,V,L,5,5,1.2324620648176449e-05
146,476,G,A,5,3,1.2324620648176449e-05
83,413,G,R,4,1,9.85969651854116e-06
151,481,N,Y,4,2,9.85969651854116e-06
141,471,E,A,4,2,9.85969651854116e-06
66,396,Y,H,4,2,9.85969651854116e-06
65,395,V,L,4,1,9.85969651854116e-06
192,522,A,G,4,1,9.85969651854116e-06
174,504,G,D,4,2,9.85969651854116e-06
14,344,A,V,4,3,9.85969651854116e-06
59,389,D,N,4,2,9.85969651854116e-06
110,440,N,S,4,3,9.85969651854116e-06
175,505,Y,H,4,1,9.85969651854116e-06
41,371,S,P,4,2,9.85969651854116e-06
42,372,A,T,4,2,9.85969651854116e-06
147,477,S,T,4,4,9.85969651854116e-06
4,334,N,K,4,1,9.85969651854116e-06
48,378,K,R,4,4,9.85969651854116e-06
97,427,D,H,4,4,9.85969651854116e-06
171,501,N,I,4,4,9.85969651854116e-06
24,354,N,H,4,2,9.85969651854116e-06
135,465,E,D,4,3,9.85969651854116e-06
138,468,I,F,4,4,9.85969651854116e-06
37,367,V,A,3,1,7.39477238890587e-06
10,340,E,G,3,2,7.39477238890587e-06
110,440,N,D,3,3,7.39477238890587e-06
117,447,G,V,3,2,7.39477238890587e-06
22,352,A,D,3,2,7.39477238890587e-06
188,518,L,I,3,1,7.39477238890587e-06
39,369,Y,C,3,2,7.39477238890587e-06
111,441,L,F,3,3,7.39477238890587e-06
177,507,P,S,3,3,7.39477238890587e-06
159,489,Y,H,3,2,7.39477238890587e-06
193,523,T,I,3,2,7.39477238890587e-06
42,372,A,P,3,2,7.39477238890587e-06
81,411,A,T,3,3,7.39477238890587e-06
7,337,P,L,3,2,7.39477238890587e-06
115,445,V,F,3,3,7.39477238890587e-06
196,526,G,S,3,2,7.39477238890587e-06
45,375,S,F,3,2,7.39477238890587e-06
45,375,S,P,3,2,7.39477238890587e-06
154,484,E,R,3,2,7.39477238890587e-06
127,457,R,K,3,3,7.39477238890587e-06
187,517,L,I,3,2,7.39477238890587e-06
90,420,D,A,3,1,7.39477238890587e-06
130,460,N,T,3,2,7.39477238890587e-06
120,450,N,D,3,1,7.39477238890587e-06
75,405,D,E,3,1,7.39477238890587e-06
75,405,D,Y,3,2,7.39477238890587e-06
3,333,T,I,3,3,7.39477238890587e-06
141,471,E,D,3,3,7.39477238890587e-06
173,503,V,I,3,3,7.39477238890587e-06
201,531,T,N,3,3,7.39477238890587e-06
87,417,K,R,3,3,7.39477238890587e-06
128,458,K,R,3,3,7.39477238890587e-06
118,448,N,S,3,1,7.39477238890587e-06
83,413,G,E,3,2,7.39477238890587e-06
18,348,A,P,3,1,7.39477238890587e-06
34,364,D,N,3,1,7.39477238890587e-06
50,380,Y,F,3,2,7.39477238890587e-06
148,478,T,A,2,1,4.92984825927058e-06
138,468,I,L,2,1,4.92984825927058e-06
130,460,N,S,2,1,4.92984825927058e-06
160,490,F,Y,2,2,4.92984825927058e-06
163,493,Q,R,2,1,4.92984825927058e-06
130,460,N,K,2,2,4.92984825927058e-06
145,475,A,T,2,1,4.92984825927058e-06
139,469,S,A,2,2,4.92984825927058e-06
155,485,G,S,2,2,4.92984825927058e-06
139,469,S,L,2,1,4.92984825927058e-06
169,499,P,L,2,2,4.92984825927058e-06
155,485,G,V,2,1,4.92984825927058e-06
128,458,K,Q,2,2,4.92984825927058e-06
118,448,N,K,2,1,4.92984825927058e-06
191,521,P,T,2,2,4.92984825927058e-06
189,519,H,Q,2,2,4.92984825927058e-06
44,374,F,L,2,1,4.92984825927058e-06
46,376,T,S,2,2,4.92984825927058e-06
51,381,G,R,2,2,4.92984825927058e-06
195,525,C,I,2,2,4.92984825927058e-06
55,385,T,A,2,1,4.92984825927058e-06
193,523,T,S,2,2,4.92984825927058e-06
193,523,T,A,2,2,4.92984825927058e-06
63,393,T,I,2,2,4.92984825927058e-06
64,394,N,T,2,1,4.92984825927058e-06
69,399,S,P,2,2,4.92984825927058e-06
72,402,I,L,2,1,4.92984825927058e-06
74,404,G,C,2,2,4.92984825927058e-06
74,404,G,S,2,1,4.92984825927058e-06
76,406,E,D,2,2,4.92984825927058e-06
190,520,A,T,2,2,4.92984825927058e-06
77,407,V,I,2,2,4.92984825927058e-06
78,408,R,G,2,1,4.92984825927058e-06
42,372,A,S,2,2,4.92984825927058e-06
196,526,G,T,2,2,4.92984825927058e-06
40,370,N,D,2,1,4.92984825927058e-06
26,356,K,N,2,2,4.92984825927058e-06
3,333,T,K,2,2,4.92984825927058e-06
200,530,S,T,2,1,4.92984825927058e-06
12,342,F,C,2,2,4.92984825927058e-06
17,347,F,L,2,2,4.92984825927058e-06
19,349,S,F,2,2,4.92984825927058e-06
23,353,W,C,2,1,4.92984825927058e-06
25,355,R,S,2,2,4.92984825927058e-06
28,358,I,L,2,1,4.92984825927058e-06
197,527,P,L,2,2,4.92984825927058e-06
28,358,I,T,2,2,4.92984825927058e-06
28,358,I,V,2,2,4.92984825927058e-06
29,359,S,G,2,2,4.92984825927058e-06
29,359,S,T,2,1,4.92984825927058e-06
35,365,Y,H,2,1,4.92984825927058e-06
36,366,S,L,2,1,4.92984825927058e-06
36,366,S,P,2,1,4.92984825927058e-06
189,519,H,Y,2,1,4.92984825927058e-06
85,415,T,I,2,2,4.92984825927058e-06
96,426,P,S,2,1,4.92984825927058e-06
179,509,R,K,2,2,4.92984825927058e-06
96,426,P,T,2,2,4.92984825927058e-06
100,430,T,A,2,2,4.92984825927058e-06
186,516,E,G,2,1,4.92984825927058e-06
182,512,V,I,2,1,4.92984825927058e-06
107,437,N,S,2,2,4.92984825927058e-06
187,517,L,P,2,2,4.92984825927058e-06
180,510,V,L,2,2,4.92984825927058e-06
84,414,Q,L,2,1,4.92984825927058e-06
88,418,I,V,2,2,4.92984825927058e-06
98,428,D,V,2,1,4.92984825927058e-06
116,446,G,A,2,2,4.92984825927058e-06
83,413,G,W,2,1,4.92984825927058e-06
182,512,V,A,1,1,2.46492412963529e-06
184,514,S,Y,1,1,2.46492412963529e-06
200,530,S,Y,1,1,2.46492412963529e-06
200,530,S,V,1,1,2.46492412963529e-06
197,527,P,N,1,1,2.46492412963529e-06
197,527,P,S,1,1,2.46492412963529e-06
183,513,L,I,1,1,2.46492412963529e-06
198,528,K,E,1,1,2.46492412963529e-06
182,512,V,L,1,1,2.46492412963529e-06
161,491,P,L,1,1,2.46492412963529e-06
173,503,V,L,1,1,2.46492412963529e-06
200,530,S,F,1,1,2.46492412963529e-06
178,508,Y,S,1,1,2.46492412963529e-06
198,528,K,I,1,1,2.46492412963529e-06
174,504,G,S,1,1,2.46492412963529e-06
163,493,Q,H,1,1,2.46492412963529e-06
199,529,K,C,1,1,2.46492412963529e-06
185,515,F,L,1,1,2.46492412963529e-06
199,529,K,E,1,1,2.46492412963529e-06
180,510,V,E,1,1,2.46492412963529e-06
199,529,K,I,1,1,2.46492412963529e-06
174,504,G,Y,1,1,2.46492412963529e-06
179,509,R,T,1,1,2.46492412963529e-06
200,530,S,A,1,1,2.46492412963529e-06
161,491,P,R,1,1,2.46492412963529e-06
189,519,H,N,1,1,2.46492412963529e-06
186,516,E,D,1,1,2.46492412963529e-06
189,519,H,L,1,1,2.46492412963529e-06
169,499,P,R,1,1,2.46492412963529e-06
190,520,A,E,1,1,2.46492412963529e-06
188,518,L,V,1,1,2.46492412963529e-06
170,500,T,P,1,1,2.46492412963529e-06
170,500,T,S,1,1,2.46492412963529e-06
171,501,N,H,1,1,2.46492412963529e-06
168,498,Q,P,1,1,2.46492412963529e-06
188,518,L,S,1,1,2.46492412963529e-06
191,521,P,H,1,1,2.46492412963529e-06
188,518,L,Q,1,1,2.46492412963529e-06
168,498,Q,K,1,1,2.46492412963529e-06
177,507,P,L,1,1,2.46492412963529e-06
192,522,A,E,1,1,2.46492412963529e-06
166,496,G,V,1,1,2.46492412963529e-06
187,517,L,V,1,1,2.46492412963529e-06
166,496,G,S,1,1,2.46492412963529e-06
165,495,Y,S,1,1,2.46492412963529e-06
192,522,A,T,1,1,2.46492412963529e-06
186,516,E,V,1,1,2.46492412963529e-06
194,524,V,I,1,1,2.46492412963529e-06
165,495,Y,F,1,1,2.46492412963529e-06
172,502,G,C,1,1,2.46492412963529e-06
194,524,V,L,1,1,2.46492412963529e-06
172,502,G,V,1,1,2.46492412963529e-06
195,525,C,V,1,1,2.46492412963529e-06
173,503,V,A,1,1,2.46492412963529e-06
195,525,C,W,1,1,2.46492412963529e-06
196,526,G,A,1,1,2.46492412963529e-06
196,526,G,K,1,1,2.46492412963529e-06
176,506,Q,P,1,1,2.46492412963529e-06
1,331,N,S,1,1,2.46492412963529e-06
158,488,C,W,1,1,2.46492412963529e-06
75,405,D,G,1,1,2.46492412963529e-06
59,389,D,T,1,1,2.46492412963529e-06
59,389,D,Y,1,1,2.46492412963529e-06
60,390,L,H,1,1,2.46492412963529e-06
60,390,L,I,1,1,2.46492412963529e-06
60,390,L,P,1,1,2.46492412963529e-06
63,393,T,P,1,1,2.46492412963529e-06
64,394,N,I,1,1,2.46492412963529e-06
66,396,Y,F,1,1,2.46492412963529e-06
67,397,A,S,1,1,2.46492412963529e-06
72,402,I,F,1,1,2.46492412963529e-06
72,402,I,N,1,1,2.46492412963529e-06
73,403,R,S,1,1,2.46492412963529e-06
74,404,G,A,1,1,2.46492412963529e-06
77,407,V,F,1,1,2.46492412963529e-06
58,388,N,S,1,1,2.46492412963529e-06
79,409,Q,E,1,1,2.46492412963529e-06
79,409,Q,H,1,1,2.46492412963529e-06
81,411,A,D,1,1,2.46492412963529e-06
81,411,A,P,1,1,2.46492412963529e-06
81,411,A,V,1,1,2.46492412963529e-06
82,412,P,L,1,1,2.46492412963529e-06
83,413,G,A,1,1,2.46492412963529e-06
83,413,G,V,1,1,2.46492412963529e-06
84,414,Q,H,1,1,2.46492412963529e-06
84,414,Q,P,1,1,2.46492412963529e-06
85,415,T,S,1,1,2.46492412963529e-06
87,417,K,E,1,1,2.46492412963529e-06
89,419,A,G,1,1,2.46492412963529e-06
58,388,N,T,1,1,2.46492412963529e-06
55,385,T,S,1,1,2.46492412963529e-06
90,420,D,G,1,1,2.46492412963529e-06
23,353,W,R,1,1,2.46492412963529e-06
5,335,L,S,1,1,2.46492412963529e-06
7,337,P,H,1,1,2.46492412963529e-06
7,337,P,R,1,1,2.46492412963529e-06
10,340,E,D,1,1,2.46492412963529e-06
10,340,E,Q,1,1,2.46492412963529e-06
15,345,T,I,1,1,2.46492412963529e-06
15,345,T,S,1,1,2.46492412963529e-06
16,346,R,G,1,1,2.46492412963529e-06
18,348,A,Q,1,1,2.46492412963529e-06
19,349,S,A,1,1,2.46492412963529e-06
21,351,Y,F,1,1,2.46492412963529e-06
21,351,Y,H,1,1,2.46492412963529e-06
23,353,W,L,1,1,2.46492412963529e-06
23,353,W,S,1,1,2.46492412963529e-06
52,382,V,M,1,1,2.46492412963529e-06
26,356,K,T,1,1,2.46492412963529e-06
30,360,N,Y,1,1,2.46492412963529e-06
34,364,D,Y,1,1,2.46492412963529e-06
35,365,Y,S,1,1,2.46492412963529e-06
36,366,S,A,1,1,2.46492412963529e-06
38,368,L,P,1,1,2.46492412963529e-06
41,371,S,F,1,1,2.46492412963529e-06
44,374,F,S,1,1,2.46492412963529e-06
45,375,S,T,1,1,2.46492412963529e-06
49,379,C,F,1,1,2.46492412963529e-06
50,380,Y,N,1,1,2.46492412963529e-06
52,382,V,A,1,1,2.46492412963529e-06
52,382,V,E,1,1,2.46492412963529e-06
89,419,A,V,1,1,2.46492412963529e-06
94,424,K,N,1,1,2.46492412963529e-06
158,488,C,R,1,1,2.46492412963529e-06
142,472,I,N,1,1,2.46492412963529e-06
133,463,P,L,1,1,2.46492412963529e-06
133,463,P,R,1,1,2.46492412963529e-06
134,464,F,L,1,1,2.46492412963529e-06
135,465,E,G,1,1,2.46492412963529e-06
136,466,R,I,1,1,2.46492412963529e-06
137,467,D,K,1,1,2.46492412963529e-06
137,467,D,N,1,1,2.46492412963529e-06
137,467,D,V,1,1,2.46492412963529e-06
137,467,D,Y,1,1,2.46492412963529e-06
139,469,S,P,1,1,2.46492412963529e-06
139,469,S,Q,1,1,2.46492412963529e-06
140,470,T,K,1,1,2.46492412963529e-06
141,471,E,K,1,1,2.46492412963529e-06
143,473,Y,F,1,1,2.46492412963529e-06
132,462,K,E,1,1,2.46492412963529e-06
144,474,Q,H,1,1,2.46492412963529e-06
146,476,G,F,1,1,2.46492412963529e-06
150,480,C,F,1,1,2.46492412963529e-06
150,480,C,W,1,1,2.46492412963529e-06
152,482,G,A,1,1,2.46492412963529e-06
154,484,E,V,1,1,2.46492412963529e-06
155,485,G,T,1,1,2.46492412963529e-06
156,486,F,I,1,1,2.46492412963529e-06
157,487,N,D,1,1,2.46492412963529e-06
157,487,N,H,1,1,2.46492412963529e-06
157,487,N,I,1,1,2.46492412963529e-06
157,487,N,K,1,1,2.46492412963529e-06
157,487,N,T,1,1,2.46492412963529e-06
132,462,K,N,1,1,2.46492412963529e-06
131,461,L,I,1,1,2.46492412963529e-06
95,425,L,S,1,1,2.46492412963529e-06
112,442,D,Y,1,1,2.46492412963529e-06
95,425,L,V,1,1,2.46492412963529e-06
97,427,D,A,1,1,2.46492412963529e-06
98,428,D,G,1,1,2.46492412963529e-06
98,428,D,Y,1,1,2.46492412963529e-06
101,431,G,D,1,1,2.46492412963529e-06
101,431,G,V,1,1,2.46492412963529e-06
102,432,C,F,1,1,2.46492412963529e-06
103,433,V,F,1,1,2.46492412963529e-06
105,435,A,T,1,1,2.46492412963529e-06
107,437,N,I,1,1,2.46492412963529e-06
108,438,S,A,1,1,2.46492412963529e-06
109,439,N,S,1,1,2.46492412963529e-06
110,440,N,T,1,1,2.46492412963529e-06
115,445,V,L,1,1,2.46492412963529e-06
131,461,L,F,1,1,2.46492412963529e-06
116,446,G,D,1,1,2.46492412963529e-06
117,447,G,D,1,1,2.46492412963529e-06
118,448,N,D,1,1,2.46492412963529e-06
119,449,Y,F,1,1,2.46492412963529e-06
119,449,Y,H,1,1,2.46492412963529e-06
121,451,Y,H,1,1,2.46492412963529e-06
122,452,L,P,1,1,2.46492412963529e-06
123,453,Y,H,1,1,2.46492412963529e-06
124,454,R,G,1,1,2.46492412963529e-06
126,456,F,Y,1,1,2.46492412963529e-06
127,457,R,S,1,1,2.46492412963529e-06
127,457,R,T,1,1,2.46492412963529e-06
129,459,S,P,1,1,2.46492412963529e-06
201,531,T,R,1,1,2.46492412963529e-06
